id	org	files	has_meta	has_r	usable
GSE154759	Homo sapiens	H5AD, TSV	FALSE	FALSE	FALSE
GSE150861	Homo sapiens	CSV, MTX, TSV	FALSE	FALSE	FALSE
GSE150430	Homo sapiens	TXT	FALSE	FALSE	FALSE
GSE154600	Homo sapiens	MTX, TSV	FALSE	FALSE	FALSE
GSE150660	Homo sapiens	CSV, H5AD	FALSE	FALSE	FALSE
GSE147143	Homo sapiens	H5AD	FALSE	FALSE	FALSE
GSE147047	Homo sapiens	MTX, TSV	FALSE	FALSE	FALSE
GSE137620	Homo sapiens	MTX, TSV	FALSE	FALSE	FALSE
GSE125527	Homo sapiens	TSV	FALSE	FALSE	FALSE
GSE152685	Homo sapiens	MTX, TSV	FALSE	FALSE	FALSE
GSE141026	Homo sapiens	RDS	FALSE	TRUE	TRUE
GSE154359	Homo sapiens	MTX, TSV	FALSE	FALSE	FALSE
GSE154358	Homo sapiens	MTX, TSV	FALSE	FALSE	FALSE
GSE154356	Homo sapiens	MTX, TSV	FALSE	FALSE	FALSE
GSE154178	Homo sapiens	BIGWIG, BW, MTX, TSV	FALSE	FALSE	FALSE
GSE118487	Homo sapiens	MTX, TSV	FALSE	FALSE	FALSE
GSE145013	Homo sapiens	RDA, TXT	TRUE	TRUE	TRUE
GSE142745	Homo sapiens	MTX, TSV, TXT	FALSE	FALSE	FALSE
GSE142744	Homo sapiens	MTX, TSV	FALSE	FALSE	FALSE
GSE141460	Homo sapiens	TXT	FALSE	FALSE	FALSE
GSE132164	Homo sapiens	CSV	FALSE	FALSE	FALSE
GSE135851	Homo sapiens	TAR	FALSE	FALSE	FALSE
GSE151263	Homo sapiens	TXT	FALSE	FALSE	FALSE
GSE148506	Homo sapiens	TXT	TRUE	FALSE	TRUE
GSE148504	Homo sapiens	CSV, MTX, TSV	FALSE	FALSE	FALSE
GSE134432	Homo sapiens	BW, TSV	FALSE	FALSE	FALSE
GSE146147	Homo sapiens	TXT	FALSE	FALSE	FALSE
GSE143706	Homo sapiens	H5	FALSE	FALSE	FALSE
GSE143705	Homo sapiens	CSV, TXT	FALSE	FALSE	FALSE
GSE153958	Homo sapiens	ZIP	FALSE	FALSE	FALSE
GSE153935	Homo sapiens	TXT	FALSE	FALSE	FALSE
GSE153929	Homo sapiens; Mus musculus	MTX, TSV	FALSE	FALSE	FALSE
GSE145122	Homo sapiens	MTX, TSV	FALSE	FALSE	FALSE
GSE149377	Homo sapiens	GCT	FALSE	FALSE	FALSE
GSE134004	Mus musculus; Homo sapiens	MTX, TSV, TXT	FALSE	FALSE	FALSE
GSE152805	Homo sapiens	MTX, TSV	FALSE	FALSE	FALSE
GSE149689	Homo sapiens	MTX, TSV	FALSE	FALSE	FALSE
GSE153802	Homo sapiens	MTX, TSV	FALSE	FALSE	FALSE
GSE153760	Homo sapiens	MTX, TSV	FALSE	FALSE	FALSE
GSE153541	Homo sapiens	TXT	TRUE	FALSE	TRUE
GSE151161	Homo sapiens	CSV	FALSE	FALSE	FALSE
GSE150768	Mus musculus; Homo sapiens	BW, TXT	TRUE	FALSE	TRUE
GSE145360	Homo sapiens	MTX, TSV, TXT	TRUE	FALSE	TRUE
GSE153534	Homo sapiens; Mus musculus	CSV	FALSE	FALSE	FALSE
GSE132914	Homo sapiens	H5	FALSE	FALSE	FALSE
GSE131593	Homo sapiens	CSV	FALSE	FALSE	FALSE
GSE146192	Homo sapiens	TAR	FALSE	FALSE	FALSE
GSE144469	Homo sapiens	CSV, TAR	FALSE	FALSE	FALSE
GSE144085	Homo sapiens	MTX, TSV, TXT	FALSE	FALSE	FALSE
GSE111976	Homo sapiens	CSV, RDS	TRUE	TRUE	TRUE
GSE151137	Homo sapiens; Mus musculus	TXT	FALSE	FALSE	FALSE
GSE153358	Homo sapiens	CSV, MTX, TSV	TRUE	FALSE	TRUE
GSE148283	Homo sapiens	CSV	FALSE	FALSE	FALSE
GSE153032	Homo sapiens	TXT	FALSE	FALSE	FALSE
GSE152981	Homo sapiens	CSV, XLSX	FALSE	FALSE	FALSE
GSE152988	Homo sapiens	CSV, H5	FALSE	FALSE	FALSE
GSE150241	Homo sapiens	H5	FALSE	FALSE	FALSE
GSE148077	Homo sapiens	CSV	FALSE	FALSE	FALSE
GSE144240	Homo sapiens	JPG	FALSE	FALSE	FALSE
GSE144239	Homo sapiens	CSV, JPG, PNG, TXT	FALSE	FALSE	FALSE
GSE144236	Mus musculus; Homo sapiens	TXT	TRUE	FALSE	TRUE
GSE152867	Mus musculus; Homo sapiens	MTX, TSV	FALSE	FALSE	FALSE
GSE142078	Homo sapiens	CSV, MTX, TSV	FALSE	FALSE	FALSE
GSE139342	Homo sapiens	TAR	FALSE	FALSE	FALSE
GSE142119	Homo sapiens	BEDGRAPH, TXT	FALSE	FALSE	FALSE
GSE139891	Homo sapiens	CSV, TXT	FALSE	FALSE	FALSE
GSE150864	Homo sapiens	CSV	FALSE	FALSE	FALSE
GSE149451	Homo sapiens	CSV	FALSE	FALSE	FALSE
GSE145306	Homo sapiens	CSV	FALSE	FALSE	FALSE
GSE152318	Homo sapiens	CSV, XLSX	FALSE	FALSE	FALSE
GSE152315	Homo sapiens	XLSX	FALSE	FALSE	FALSE
GSE142585	Homo sapiens; Macaca mulatta	TXT	FALSE	FALSE	FALSE
GSE139042	Homo sapiens	CSV, TXT	FALSE	FALSE	FALSE
GSE117512	Homo sapiens	MTX, TSV	FALSE	FALSE	FALSE
GSE152246	Homo sapiens	XLSX	FALSE	FALSE	FALSE
GSE147903	Homo sapiens	MTX, TSV	FALSE	FALSE	FALSE
GSE137758	Homo sapiens	MTX, TSV	FALSE	FALSE	FALSE
GSE132558	Homo sapiens	MTX, TSV, TXT	FALSE	FALSE	FALSE
GSE151735	Homo sapiens	TXT	FALSE	FALSE	FALSE
GSE146170	Homo sapiens	TXT	FALSE	FALSE	FALSE
GSE146046	Homo sapiens	TXT	FALSE	FALSE	FALSE
GSE128243	Homo sapiens	MTX, TSV	FALSE	FALSE	FALSE
GSE123899	Homo sapiens	TXT	FALSE	FALSE	FALSE
GSE113415	Homo sapiens	TXT	FALSE	FALSE	FALSE
GSE130157	Homo sapiens	TXT	FALSE	FALSE	FALSE
GSE134757	Homo sapiens	CSV, MTX, TSV, TXT	TRUE	FALSE	TRUE
GSE130116	Homo sapiens	MTX, TSV	FALSE	FALSE	FALSE
GSE151889	Homo sapiens; Mus musculus	MTX, TSV	FALSE	FALSE	FALSE
GSE142784	Homo sapiens	CSV	FALSE	FALSE	FALSE
GSE138709	Homo sapiens	CSV	FALSE	FALSE	FALSE
GSE135194	Homo sapiens	CSV	FALSE	FALSE	FALSE
GSE151825	Homo sapiens	TSV	FALSE	FALSE	FALSE
GSE148796	Homo sapiens	MTX, TSV	FALSE	FALSE	FALSE
GSE131094	Homo sapiens	TXT	FALSE	FALSE	FALSE
GSE145328	Homo sapiens	CSV, MTX, TSV	FALSE	FALSE	FALSE
GSE143704	Homo sapiens	TXT	TRUE	FALSE	TRUE
GSE151334	Homo sapiens; Mus musculus	TSV	FALSE	FALSE	FALSE
GSE149652	Homo sapiens	CSV	FALSE	FALSE	FALSE
GSE142489	Homo sapiens	MTX, TSV	FALSE	FALSE	FALSE
GSE135520	Homo sapiens	TSV	FALSE	FALSE	FALSE
GSE114454	Homo sapiens	TXT	FALSE	FALSE	FALSE
GSE151409	Homo sapiens	CSV, H5, HTML, TXT, XLSX	FALSE	FALSE	FALSE
GSE151375	Homo sapiens	CSV, TSV	FALSE	FALSE	FALSE
GSE151091	Homo sapiens	CSV	FALSE	FALSE	FALSE
GSE149298	Homo sapiens	CSV, DOCX, XLSX	TRUE	FALSE	TRUE
GSE145036	Homo sapiens	H5	FALSE	FALSE	FALSE
GSE150766	Homo sapiens	MTX, TSV	FALSE	FALSE	FALSE
GSE149180	Mus musculus; Homo sapiens	MTX, TSV	FALSE	FALSE	FALSE
GSE145410	Homo sapiens	MTX, TSV	FALSE	FALSE	FALSE
GSE115869	Homo sapiens	TXT	FALSE	FALSE	FALSE
GSE137539	Mus musculus; Homo sapiens	TXT	TRUE	FALSE	TRUE
GSE137673	Homo sapiens	BEDGRAPH, H5, TSV	FALSE	FALSE	FALSE
GSE137672	Homo sapiens	H5	FALSE	FALSE	FALSE
GSE137671	Homo sapiens	TSV	FALSE	FALSE	FALSE
GSE137540	Homo sapiens; Mus musculus	TXT	FALSE	FALSE	FALSE
GSE150774	Homo sapiens	TAR	FALSE	FALSE	FALSE
GSE135399	Homo sapiens	MTX, TSV	FALSE	FALSE	FALSE
GSE151089	Homo sapiens	MTX, TSV	FALSE	FALSE	FALSE
GSE151087	Homo sapiens	MTX, TSV	FALSE	FALSE	FALSE
GSE148902	Homo sapiens	TXT	FALSE	FALSE	FALSE
GSE150949	Homo sapiens	CSV	FALSE	FALSE	FALSE
GSE148996	Homo sapiens	MTX, TSV	FALSE	FALSE	FALSE
GSE140881	Homo sapiens	MTX, TSV	FALSE	FALSE	FALSE
GSE148371	Homo sapiens	CSV	FALSE	FALSE	FALSE
GSE145838	Homo sapiens	H5	FALSE	FALSE	FALSE
GSE150728	Homo sapiens	RDS	FALSE	TRUE	TRUE
GSE148665	Homo sapiens	CSV	FALSE	FALSE	FALSE
GSE143417	Homo sapiens	TAR, TSV	FALSE	FALSE	FALSE
GSE147104	Homo sapiens; Dengue virus	MTX, TSV	FALSE	FALSE	FALSE
GSE147103	Homo sapiens; Dengue virus 1 Nauru/West Pac/1974	MTX, TSV	FALSE	FALSE	FALSE
GSE150637	Homo sapiens	MTX, TSV	FALSE	FALSE	FALSE
GSE150556	Homo sapiens	TXT	FALSE	FALSE	FALSE
GSE150311	Homo sapiens	MTX, TSV	FALSE	FALSE	FALSE
GSE142637	Mus musculus; Homo sapiens	MTX, TSV	FALSE	FALSE	FALSE
GSE146990	Homo sapiens	H5	FALSE	FALSE	FALSE
GSE150321	Homo sapiens	CSV	FALSE	FALSE	FALSE
GSE136831	Homo sapiens	MTX, RDS, TXT	TRUE	TRUE	TRUE
GSE150226	Homo sapiens; Mus musculus	TXT	FALSE	FALSE	FALSE
GSE148820	Homo sapiens	MTX, TSV, TXT	FALSE	FALSE	FALSE
GSE143880	Homo sapiens	TXT	FALSE	FALSE	FALSE
GSE140819	Homo sapiens	CSV, H5	FALSE	FALSE	FALSE
GSE150115	Homo sapiens	CSV, TXT	FALSE	FALSE	FALSE
GSE131007	Homo sapiens	TSV	FALSE	FALSE	FALSE
GSE150084	Homo sapiens	MTX, TSV	FALSE	FALSE	FALSE
GSE150083	Homo sapiens	MTX, TSV	FALSE	FALSE	FALSE
GSE150025	Homo sapiens	TXT	FALSE	FALSE	FALSE
GSE150021	Homo sapiens	TXT	FALSE	FALSE	FALSE
GSE150020	Homo sapiens	CNT	FALSE	FALSE	FALSE
GSE147349	Homo sapiens	H5, MTX, TSV	FALSE	FALSE	FALSE
GSE144568	Homo sapiens	RDATA, TAR	FALSE	TRUE	TRUE
GSE138002	Homo sapiens	CSV, MTX	FALSE	FALSE	FALSE
GSE122970	Homo sapiens	MTX, TSV	FALSE	FALSE	FALSE
GSE116106	Homo sapiens	MTX, TSV	FALSE	FALSE	FALSE
GSE142538	Homo sapiens	TXT	FALSE	FALSE	FALSE
GSE132757	Homo sapiens	H5	FALSE	FALSE	FALSE
GSE129017	Homo sapiens	BED, TXT	FALSE	FALSE	FALSE
GSE148729	Homo sapiens	TXT	TRUE	FALSE	TRUE
GSE137524	Homo sapiens	CSV	FALSE	FALSE	FALSE
GSE114446	Homo sapiens	TXT	FALSE	FALSE	FALSE
GSE148162	Homo sapiens	TSV	FALSE	FALSE	FALSE
GSE146026	Homo sapiens	TSV	FALSE	FALSE	FALSE
GSE145896	Homo sapiens	CSV	FALSE	FALSE	FALSE
GSE133894	Homo sapiens	TXT	FALSE	FALSE	FALSE
GSE131416	Homo sapiens	TXT	FALSE	FALSE	FALSE
GSE131409	Homo sapiens	CSV	FALSE	FALSE	FALSE
GSE126131	Homo sapiens	TSV	FALSE	FALSE	FALSE
GSE149614	Homo sapiens	TXT	FALSE	FALSE	FALSE
GSE149583	Homo sapiens	MTX, TXT	TRUE	FALSE	TRUE
GSE145928	Homo sapiens	H5	FALSE	FALSE	FALSE
GSE132048	Homo sapiens	CSV, TXT	FALSE	FALSE	FALSE
GSE147457	Homo sapiens	TSV	FALSE	FALSE	FALSE
GSE145843	Homo sapiens	H5	FALSE	FALSE	FALSE
GSE124310	Homo sapiens	TAR	FALSE	FALSE	FALSE
GSE143686	Homo sapiens	MTX, TSV	FALSE	FALSE	FALSE
GSE143685	Homo sapiens	CSV	FALSE	FALSE	FALSE
GSE132065	Homo sapiens	BED, MTX, TSV	FALSE	FALSE	FALSE
GSE149280	Homo sapiens	TSV	FALSE	FALSE	FALSE
GSE149136	Homo sapiens	MTX, TSV, XLSX	FALSE	FALSE	FALSE
GSE149100	Homo sapiens	TSV	FALSE	FALSE	FALSE
GSE149099	Homo sapiens	XLSX	FALSE	FALSE	FALSE
GSE148829	Macaca fascicularis; Mus musculus; Macaca mulatta; Homo sapiens	CSV, TXT	FALSE	FALSE	FALSE
GSE145163	Homo sapiens	TXT	FALSE	FALSE	FALSE
GSE145926	Homo sapiens	CSV, H5	FALSE	FALSE	FALSE
GSE145307	Homo sapiens	MTX, TSV	FALSE	FALSE	FALSE
GSE139535	Homo sapiens	MTX, TSV	FALSE	FALSE	FALSE
GSE132396	Homo sapiens	TSV	FALSE	FALSE	FALSE
GSE135253	Homo sapiens	MTX, TSV	FALSE	FALSE	FALSE
GSE127937	Homo sapiens	MTX, TSV, TXT	FALSE	FALSE	FALSE
GSE148842	Homo sapiens	TXT	FALSE	FALSE	FALSE
GSE146771	Homo sapiens	TXT	TRUE	FALSE	TRUE
GSE135992	Homo sapiens	CSV	FALSE	FALSE	FALSE
GSE144870	Homo sapiens	MTX, TSV	FALSE	FALSE	FALSE
GSE148658	Homo sapiens	TXT	FALSE	FALSE	FALSE
GSE137353	Homo sapiens	TXT	FALSE	FALSE	FALSE
GSE141552	Homo sapiens	MTX, TSV	FALSE	FALSE	FALSE
GSE131886	Homo sapiens	CSV, MTX, TSV	FALSE	FALSE	FALSE
GSE130228	Homo sapiens	MTX, TSV	FALSE	FALSE	FALSE
GSE131351	Homo sapiens; Mus musculus	TXT	FALSE	FALSE	FALSE
GSE128879	Homo sapiens	CSV, TXT	FALSE	FALSE	FALSE
GSE146221	Homo sapiens	MTX, TSV	FALSE	FALSE	FALSE
GSE137877	Homo sapiens	CSV, MTX, TSV	FALSE	FALSE	FALSE
GSE148345	Homo sapiens	TSV	FALSE	FALSE	FALSE
GSE143190	Homo sapiens	TXT	FALSE	FALSE	FALSE
GSE137496	Homo sapiens	TXT	FALSE	FALSE	FALSE
GSE131984	Homo sapiens	RDATA, TXT	TRUE	TRUE	TRUE
GSE131983	Homo sapiens	TSV	FALSE	FALSE	FALSE
GSE148190	Homo sapiens	CSV, MTX, TSV	FALSE	FALSE	FALSE
GSE143492	Homo sapiens	TXT	FALSE	FALSE	FALSE
GSE143453	Homo sapiens	CSV, TXT	FALSE	FALSE	FALSE
GSE143452	Homo sapiens	CSV	FALSE	FALSE	FALSE
GSE142347	Homo sapiens	TXT	FALSE	FALSE	FALSE
GSE134174	Homo sapiens	RDATA, TXT	TRUE	TRUE	TRUE
GSE120409	Mus musculus; Homo sapiens	BED, H5, TXT	FALSE	FALSE	FALSE
GSE147863	Homo sapiens	H5	FALSE	FALSE	FALSE
GSE144735	Homo sapiens	TXT	FALSE	FALSE	FALSE
GSE132465	Homo sapiens	TXT	FALSE	FALSE	FALSE
GSE132257	Homo sapiens	TXT	FALSE	FALSE	FALSE
GSE147989	Homo sapiens	H5	FALSE	FALSE	FALSE
GSE141030	Homo sapiens	CSV, MTX, TSV, TXT	FALSE	FALSE	FALSE
GSE139280	Homo sapiens	ZIP	FALSE	FALSE	FALSE
GSE125188	Homo sapiens	MTX, TSV	FALSE	FALSE	FALSE
GSE147794	Homo sapiens	CSV, MTX, TSV	FALSE	FALSE	FALSE
GSE142116	Homo sapiens	TXT	FALSE	FALSE	FALSE
GSE130973	Homo sapiens	MTX, RDATA, TSV	FALSE	TRUE	TRUE
GSE135325	Homo sapiens	CSV, FASTA, MTX, TSV	FALSE	FALSE	FALSE
GSE132758	Homo sapiens	MTX, TSV	FALSE	FALSE	FALSE
GSE131135	Homo sapiens	RDATA	FALSE	TRUE	TRUE
GSE131099	Homo sapiens	TXT	FALSE	FALSE	FALSE
GSE128791	Homo sapiens	TXT	FALSE	FALSE	FALSE
GSE128790	Homo sapiens	TXT	FALSE	FALSE	FALSE
GSE119324	Homo sapiens	TXT	FALSE	FALSE	FALSE
GSE119323	Homo sapiens	TSV, TXT, XLSX	FALSE	FALSE	FALSE
GSE131907	Homo sapiens	TXT	FALSE	FALSE	FALSE
GSE145140	Mus musculus; Homo sapiens	TXT	FALSE	FALSE	FALSE
GSE145139	Homo sapiens	TXT	FALSE	FALSE	FALSE
GSE145137	Homo sapiens; Mus musculus	TXT, XLSX	FALSE	FALSE	FALSE
GSE141834	Homo sapiens	BW, TXT	FALSE	FALSE	FALSE
GSE147206	Homo sapiens	TAR	FALSE	FALSE	FALSE
GSE147424	Homo sapiens	TXT	FALSE	FALSE	FALSE
GSE147405	Homo sapiens	CSV	TRUE	FALSE	TRUE
GSE145347	Homo sapiens	MTX, TSV	FALSE	FALSE	FALSE
GSE135497	Homo sapiens; Mus musculus	CSV, TXT	FALSE	FALSE	FALSE
GSE127266	Homo sapiens	TXT	FALSE	FALSE	FALSE
GSE147259	Homo sapiens	CSV, TSV	FALSE	FALSE	FALSE
GSE146974	Homo sapiens	MTX, TSV	FALSE	FALSE	FALSE
GSE147202	Homo sapiens	CSV, TSV	TRUE	FALSE	TRUE
GSE125497	Homo sapiens	CSV	FALSE	FALSE	FALSE
GSE147203	Homo sapiens; Mus musculus	H5, TSV	FALSE	FALSE	FALSE
GSE142465	Homo sapiens; Mus musculus	H5, MTX, TSV, TXT	FALSE	FALSE	FALSE
GSE147066	Homo sapiens	TXT	TRUE	FALSE	TRUE
GSE123359	Homo sapiens	CSV, MTX, TSV	FALSE	FALSE	FALSE
GSE135710	Mus musculus; Homo sapiens	MTX, TSV	FALSE	FALSE	FALSE
GSE133054	Mus musculus; Homo sapiens	CSV	FALSE	FALSE	FALSE
GSE146826	synthetic construct; Homo sapiens	CSV	FALSE	FALSE	FALSE
GSE136974	Homo sapiens	MTX, TSV	FALSE	FALSE	FALSE
GSE146763	Homo sapiens	MTX, TSV	FALSE	FALSE	FALSE
GSE146712	Homo sapiens	NWK, TXT	FALSE	FALSE	FALSE
GSE138857	Homo sapiens	MTX, TSV	FALSE	FALSE	FALSE
GSE133022	Homo sapiens	XLSX	FALSE	FALSE	FALSE
GSE146373	Homo sapiens	CSV, MTX, TSV	FALSE	FALSE	FALSE
GSE137941	Homo sapiens	TXT	FALSE	FALSE	FALSE
GSE146399	Homo sapiens	BED, CSV	FALSE	FALSE	FALSE
GSE146194	Homo sapiens	CSV, MTX, TSV	FALSE	FALSE	FALSE
GSE140989	Homo sapiens	MTX, TSV, TXT	FALSE	FALSE	FALSE
GSE128822	Homo sapiens	CSV	FALSE	FALSE	FALSE
GSE138646	Homo sapiens; Mus musculus	BEDGRAPH, FPKM_TRACKING, WIG	FALSE	FALSE	FALSE
GSE146137	Mus musculus; Homo sapiens	TXT	FALSE	FALSE	FALSE
GSE144477	Homo sapiens	CSV	FALSE	FALSE	FALSE
GSE141982	Homo sapiens	MTX, TSV	FALSE	FALSE	FALSE
GSE139533	Homo sapiens	TAB	FALSE	FALSE	FALSE
GSE135394	Mus musculus; Homo sapiens	FPKM_TRACKING	FALSE	FALSE	FALSE
GSE118412	Homo sapiens	CSV	FALSE	FALSE	FALSE
GSE146123	Homo sapiens; Mus musculus	TXT	FALSE	FALSE	FALSE
GSE145894	Homo sapiens	TXT	FALSE	FALSE	FALSE
GSE133449	Homo sapiens	TXT	FALSE	FALSE	FALSE
GSE145815	Homo sapiens	TSV	TRUE	FALSE	TRUE
GSE142213	Homo sapiens; Mus musculus	TAR	FALSE	FALSE	FALSE
GSE137659	Homo sapiens	MTX, TSV, TXT	FALSE	FALSE	FALSE
GSE139161	Homo sapiens	TXT	FALSE	FALSE	FALSE
GSE137869	Rattus norvegicus; Homo sapiens	MTX, TSV, TXT	FALSE	FALSE	FALSE
GSE123837	Homo sapiens	TXT	FALSE	FALSE	FALSE
GSE121179	Homo sapiens	TSV	FALSE	FALSE	FALSE
GSE128956	Homo sapiens	XLSX	FALSE	FALSE	FALSE
GSE124742	Homo sapiens	TAB	FALSE	FALSE	FALSE
GSE115032	Homo sapiens	TXT	FALSE	FALSE	FALSE
GSE142449	Homo sapiens	TSV	FALSE	FALSE	FALSE
GSE137010	Homo sapiens	MTX, TSV	FALSE	FALSE	FALSE
GSE133345	Homo sapiens	TXT	FALSE	FALSE	FALSE
GSE145281	Homo sapiens	TXT	FALSE	FALSE	FALSE
GSE130025	Homo sapiens	BED, MTX, TSV, TXT, XLSX	FALSE	FALSE	FALSE
GSE130024	Homo sapiens	MTX, TSV	FALSE	FALSE	FALSE
GSE130023	Homo sapiens	TXT	FALSE	FALSE	FALSE
GSE130022	Homo sapiens	TXT	FALSE	FALSE	FALSE
GSE130021	Homo sapiens	TXT	FALSE	FALSE	FALSE
GSE130020	Homo sapiens	TXT	FALSE	FALSE	FALSE
GSE130019	Homo sapiens	TXT	FALSE	FALSE	FALSE
GSE124992	Homo sapiens	CSV	FALSE	FALSE	FALSE
GSE124822	Homo sapiens; Mus musculus	CSV, TXT	FALSE	FALSE	FALSE
GSE138474	Homo sapiens	TAR	FALSE	FALSE	FALSE
GSE138418	Homo sapiens	TSV	FALSE	FALSE	FALSE
GSE138267	Homo sapiens	TAR	FALSE	FALSE	FALSE
GSE130105	Homo sapiens	CSV, TXT	FALSE	FALSE	FALSE
GSE129762	Homo sapiens	TXT	FALSE	FALSE	FALSE
GSE134355	Mus musculus; Homo sapiens	TXT	FALSE	FALSE	FALSE
GSE131434	Homo sapiens	MTX, TSV	FALSE	FALSE	FALSE
GSE144908	Homo sapiens	XLSX	FALSE	FALSE	FALSE
GSE144495	Homo sapiens	XLS	FALSE	FALSE	FALSE
GSE144494	Homo sapiens	XLS	FALSE	FALSE	FALSE
GSE143624	Homo sapiens	XLSX	FALSE	FALSE	FALSE
GSE140312	Homo sapiens	TAR	FALSE	FALSE	FALSE
GSE130977	Homo sapiens	TXT	FALSE	FALSE	FALSE
GSE144434	Homo sapiens	CSV, TSV	FALSE	FALSE	FALSE
GSE132771	Homo sapiens; Mus musculus	MTX, TSV	FALSE	FALSE	FALSE
GSE132509	Homo sapiens	MTX, TSV	FALSE	FALSE	FALSE
GSE127898	Macaca mulatta; Pan troglodytes; Homo sapiens; Pan paniscus	CSV	FALSE	FALSE	FALSE
GSE127774	Pan paniscus; Macaca mulatta; Pan troglodytes; Homo sapiens	FA, GTF, MTX, RDS, TSV, TXT	FALSE	TRUE	TRUE
GSE144430	Homo sapiens	MTX, TSV	FALSE	FALSE	FALSE
GSE144357	Homo sapiens	CSV, TXT, XLSX	TRUE	FALSE	TRUE
GSE138536	Homo sapiens	TXT	TRUE	FALSE	TRUE
GSE130664	Macaca fascicularis; Homo sapiens	TXT	FALSE	FALSE	FALSE
GSE138838	Homo sapiens	TXT	FALSE	FALSE	FALSE
GSE144216	Homo sapiens	CSV, XLSX	FALSE	FALSE	FALSE
GSE144191	Homo sapiens	RDS	FALSE	TRUE	TRUE
GSE139829	Homo sapiens	MTX, TSV	FALSE	FALSE	FALSE
GSE137316	Homo sapiens	BED	FALSE	FALSE	FALSE
GSE135663	Homo sapiens	TSV	FALSE	FALSE	FALSE
GSE135193	Homo sapiens	XLSX	FALSE	FALSE	FALSE
GSE115501	Homo sapiens	TXT	FALSE	FALSE	FALSE
GSE125839	Homo sapiens	MTX	FALSE	FALSE	FALSE
GSE125838	Homo sapiens	MTX, TSV	FALSE	FALSE	FALSE
GSE125837	Homo sapiens	TXT	FALSE	FALSE	FALSE
GSE125372	Homo sapiens; Mus musculus	TSV	FALSE	FALSE	FALSE
GSE135133	Homo sapiens	TXT	FALSE	FALSE	FALSE
GSE135092	Homo sapiens	TSV	FALSE	FALSE	FALSE
GSE128357	Homo sapiens	CSV, H5, TAR, TXT	FALSE	FALSE	FALSE
GSE110680	Homo sapiens	CSV	FALSE	FALSE	FALSE
GSE137912	Homo sapiens	CSV, MTX, TSV	FALSE	FALSE	FALSE
GSE128671	Homo sapiens; Mus musculus	BW, MTX, TSV, TXT	FALSE	FALSE	FALSE
GSE112271	Homo sapiens	MTX, TSV	FALSE	FALSE	FALSE
GSE130646	Homo sapiens	CSV	FALSE	FALSE	FALSE
GSE143669	Homo sapiens	TXT	FALSE	FALSE	FALSE
GSE143607	Homo sapiens	MTX, RDS, TSV	FALSE	TRUE	TRUE
GSE138892	Homo sapiens	MTX, TSV	FALSE	FALSE	FALSE
GSE123904	Homo sapiens	CSV	FALSE	FALSE	FALSE
GSE123903	Homo sapiens	CSV	FALSE	FALSE	FALSE
GSE123902	Homo sapiens	CSV, RTF	FALSE	FALSE	FALSE
GSE141299	Homo sapiens	TXT	FALSE	FALSE	FALSE
GSE140405	Homo sapiens	H5	FALSE	FALSE	FALSE
GSE138693	Homo sapiens	TXT	FALSE	FALSE	FALSE
GSE134144	Homo sapiens	TXT	FALSE	FALSE	FALSE
GSE131604	Homo sapiens	BW, TXT	FALSE	FALSE	FALSE
GSE111822	Homo sapiens	CSV	FALSE	FALSE	FALSE
GSE111672	Homo sapiens	JPG, RTF, TSV, TXT	FALSE	FALSE	FALSE
GSE137833	Homo sapiens	GFF3, XLSX	FALSE	FALSE	FALSE
GSE143423	Homo sapiens	CSV	TRUE	FALSE	TRUE
GSE143353	Homo sapiens	CSV	FALSE	FALSE	FALSE
GSE142526	Homo sapiens	TAR	FALSE	FALSE	FALSE
GSE139079	Homo sapiens	TXT	FALSE	FALSE	FALSE
GSE132149	Homo sapiens	TXT	FALSE	FALSE	FALSE
GSE143214	Homo sapiens	TXT	FALSE	FALSE	FALSE
GSE143148	Mus musculus; Homo sapiens	BED, CSV, TSV	FALSE	FALSE	FALSE
GSE140231	Homo sapiens	MTX, TSV	FALSE	FALSE	FALSE
GSE143136	Homo sapiens; Mus musculus	TAB, TXT	FALSE	FALSE	FALSE
GSE127918	Homo sapiens	TXT	FALSE	FALSE	FALSE
GSE142838	Homo sapiens	TAR	FALSE	FALSE	FALSE
GSE139448	Homo sapiens	CSV	FALSE	FALSE	FALSE
GSE126488	Homo sapiens	RDATA, TXT	FALSE	TRUE	TRUE
GSE121309	Homo sapiens	TXT	FALSE	FALSE	FALSE
GSE142750	Homo sapiens	MTX, TSV	FALSE	FALSE	FALSE
GSE137026	Homo sapiens	CSV, H5	FALSE	FALSE	FALSE
GSE133167	Homo sapiens	TXT	FALSE	FALSE	FALSE
GSE140021	Homo sapiens	BW, TXT	FALSE	FALSE	FALSE
GSE141946	Homo sapiens	CSV, TXT	TRUE	FALSE	TRUE
GSE138025	Homo sapiens	CSV	FALSE	FALSE	FALSE
GSE142392	Homo sapiens	CSV	FALSE	FALSE	FALSE
GSE108378	Homo sapiens	XLSX	FALSE	FALSE	FALSE
GSE142286	Homo sapiens	CSV	FALSE	FALSE	FALSE
GSE139522	Homo sapiens	MTX, TSV	FALSE	FALSE	FALSE
GSE122515	Homo sapiens	TXT	FALSE	FALSE	FALSE
GSE120386	Homo sapiens	CSV, TXT	FALSE	FALSE	FALSE
GSE142016	Homo sapiens	MTX, TSV	FALSE	FALSE	FALSE
GSE128908	Homo sapiens	MTX, TXT	FALSE	FALSE	FALSE
GSE141832	Homo sapiens	CSV	FALSE	FALSE	FALSE
GSE140493	Homo sapiens	CSV, HDF5, TSV	FALSE	FALSE	FALSE
GSE134706	Macaca fascicularis; Mus musculus; Ovis aries; Rattus norvegicus; Danio rerio; Gallus gallus; Callithrix jacchus; Homo sapiens; Mesocricetus auratus	TXT	FALSE	FALSE	FALSE
GSE134705	Homo sapiens; Mus musculus; Nannospalax galili; Danio rerio; Gallus gallus; Callithrix jacchus; Mesocricetus auratus; Macaca fascicularis; Ovis aries; Rattus norvegicus	TXT	TRUE	FALSE	TRUE
GSE141636	Homo sapiens	XLS	FALSE	FALSE	FALSE
GSE141469	Mus musculus; Homo sapiens; Canis lupus familiaris	TSV	TRUE	FALSE	TRUE
GSE138748	Homo sapiens	TXT, XLSX	FALSE	FALSE	FALSE
GSE138266	Homo sapiens	MTX, TSV	FALSE	FALSE	FALSE
GSE133548	Homo sapiens; Canis lupus familiaris; Mus musculus	TSV	TRUE	FALSE	TRUE
GSE133547	Mus musculus; Homo sapiens; Canis lupus familiaris	TSV	TRUE	FALSE	TRUE
GSE133546	Homo sapiens; Canis lupus familiaris; Mus musculus	TSV	TRUE	FALSE	TRUE
GSE133545	Mus musculus; Homo sapiens; Canis lupus familiaris	TSV	TRUE	FALSE	TRUE
GSE133544	Canis lupus familiaris; Homo sapiens; Mus musculus	TSV	TRUE	FALSE	TRUE
GSE133543	Canis lupus familiaris; Homo sapiens; Mus musculus	TSV	TRUE	FALSE	TRUE
GSE133542	Canis lupus familiaris; Homo sapiens; Mus musculus	TSV	TRUE	FALSE	TRUE
GSE133541	Canis lupus familiaris; Homo sapiens; Mus musculus	TSV	TRUE	FALSE	TRUE
GSE133540	Mus musculus; Homo sapiens; Canis lupus familiaris	TSV	TRUE	FALSE	TRUE
GSE133539	Homo sapiens; Canis lupus familiaris; Mus musculus	TSV	TRUE	FALSE	TRUE
GSE133538	Mus musculus; Homo sapiens; Canis lupus familiaris	TSV	TRUE	FALSE	TRUE
GSE133537	Mus musculus; Homo sapiens; Canis lupus familiaris	TSV	TRUE	FALSE	TRUE
GSE133536	Mus musculus; Canis lupus familiaris; Homo sapiens	TSV	TRUE	FALSE	TRUE
GSE133535	Homo sapiens; Mus musculus; Canis lupus familiaris	TSV	TRUE	FALSE	TRUE
GSE118773	Influenza A virus (A/Puerto Rico/8/1934(H1N1)); Homo sapiens; Canis lupus familiaris	TXT	FALSE	FALSE	FALSE
GSE139555	Homo sapiens	CSV, MTX, RDS, TSV, TXT	TRUE	TRUE	TRUE
GSE138675	Homo sapiens	NARROWPEAK	FALSE	FALSE	FALSE
GSE138673	Homo sapiens	TXT	FALSE	FALSE	FALSE
GSE116130	Homo sapiens	H5	FALSE	FALSE	FALSE
GSE133887	Mus musculus; Homo sapiens	TXT	FALSE	FALSE	FALSE
GSE139944	Homo sapiens; Mus musculus	MATRIX, RDS, TXT	FALSE	TRUE	TRUE
GSE123187	Homo sapiens; Mus musculus	TSV, TXT	FALSE	FALSE	FALSE
GSE133747	Mus musculus; Rattus norvegicus; Sus scrofa; Homo sapiens	MTX, TSV	FALSE	FALSE	FALSE
GSE141257	Homo sapiens	XLSX	FALSE	FALSE	FALSE
GSE141238	Homo sapiens	MTX, TSV, TXT	FALSE	FALSE	FALSE
GSE122827	Homo sapiens	CSV	FALSE	FALSE	FALSE
GSE117075	Homo sapiens	CSV	FALSE	FALSE	FALSE
GSE92432	Homo sapiens	CSV	FALSE	FALSE	FALSE
GSE140553	Homo sapiens	MTX, TSV	FALSE	FALSE	FALSE
GSE141087	Homo sapiens	CSV	FALSE	FALSE	FALSE
GSE139193	Homo sapiens	MTX, TSV	FALSE	FALSE	FALSE
GSE128982	Homo sapiens; Mus musculus	TXT	FALSE	FALSE	FALSE
GSE136447	Homo sapiens	TXT	FALSE	FALSE	FALSE
GSE133757	Homo sapiens	TXT	FALSE	FALSE	FALSE
GSE140896	Homo sapiens; Mus musculus	TXT	FALSE	FALSE	FALSE
GSE138680	Homo sapiens	TSV	FALSE	FALSE	FALSE
GSE125881	Homo sapiens	CSV	FALSE	FALSE	FALSE
GSE121380	Homo sapiens	TXT	FALSE	FALSE	FALSE
GSE124903	Homo sapiens	BW	FALSE	FALSE	FALSE
GSE132525	Homo sapiens	TXT	FALSE	FALSE	FALSE
GSE129611	Homo sapiens	TSV, TXT	FALSE	FALSE	FALSE
GSE124172	Homo sapiens	MTX, TSV	FALSE	FALSE	FALSE
GSE138791	Homo sapiens	TSV	FALSE	FALSE	FALSE
GSE135437	Homo sapiens	TSV	FALSE	FALSE	FALSE
GSE132080	Homo sapiens	CSV, MTX, TSV	FALSE	FALSE	FALSE
GSE110727	Homo sapiens	TXT	FALSE	FALSE	FALSE
GSE140228	Homo sapiens	CSV, MTX, TSV	FALSE	FALSE	FALSE
GSE129447	Homo sapiens	TXT	FALSE	FALSE	FALSE
GSE121477	Homo sapiens	TXT	FALSE	FALSE	FALSE
GSE119212	Homo sapiens	MTX, TSV	FALSE	FALSE	FALSE
GSE117382	Homo sapiens	TXT	FALSE	FALSE	FALSE
GSE137029	Homo sapiens	MTX, TXT	FALSE	FALSE	FALSE
GSE140123	Homo sapiens	XLSX	FALSE	FALSE	FALSE
GSE136314	Homo sapiens	MTX, TSV	FALSE	FALSE	FALSE
GSE136229	Homo sapiens	TXT	FALSE	FALSE	FALSE
GSE134577	Homo sapiens	TAR	FALSE	FALSE	FALSE
GSE134576	Homo sapiens	TAR	FALSE	FALSE	FALSE
GSE129363	Homo sapiens	MTX, TSV, TXT	FALSE	FALSE	FALSE
GSE129837	Homo sapiens	H5, TXT	FALSE	FALSE	FALSE
GSE129826	Homo sapiens	H5, TXT	FALSE	FALSE	FALSE
GSE129825	Homo sapiens	TXT	FALSE	FALSE	FALSE
GSE135922	Homo sapiens	TSV	FALSE	FALSE	FALSE
GSE114186	Mus musculus; Homo sapiens	CSV, TXT	FALSE	FALSE	FALSE
GSE139382	Homo sapiens	CSV	FALSE	FALSE	FALSE
GSE137710	Homo sapiens; Mus musculus	TSV	TRUE	FALSE	TRUE
GSE124889	Homo sapiens	CSV, XLSX	FALSE	FALSE	FALSE
GSE124888	Homo sapiens	CSV, XLSX	FALSE	FALSE	FALSE
GSE124887	Homo sapiens	CSV, XLSX	FALSE	FALSE	FALSE
GSE123810	Homo sapiens	TXT	FALSE	FALSE	FALSE
GSE109308	Homo sapiens	TXT	FALSE	FALSE	FALSE
GSE130050	Homo sapiens	TSV	FALSE	FALSE	FALSE
GSE125616	Homo sapiens	TXT	FALSE	FALSE	FALSE
GSE139249	Homo sapiens	MTX, TSV	FALSE	FALSE	FALSE
GSE136611	Homo sapiens	TXT	FALSE	FALSE	FALSE
GSE139181	Homo sapiens	TXT	FALSE	FALSE	FALSE
GSE130289	Homo sapiens	TXT	FALSE	FALSE	FALSE
GSE125970	Homo sapiens	TXT	FALSE	FALSE	FALSE
GSE121893	Homo sapiens	CSV, TXT	FALSE	FALSE	FALSE
GSE109816	Homo sapiens	CSV, TXT	TRUE	FALSE	TRUE
GSE106218	Homo sapiens	TXT	FALSE	FALSE	FALSE
GSE138852	Homo sapiens	CSV	FALSE	FALSE	FALSE
GSE137391	Homo sapiens	TXT	FALSE	FALSE	FALSE
GSE135928	Homo sapiens	CSV	FALSE	FALSE	FALSE
GSE135927	Homo sapiens	MTX, TSV	FALSE	FALSE	FALSE
GSE112856	Homo sapiens; Mus musculus	NARROWPEAK	FALSE	FALSE	FALSE
GSE112855	Homo sapiens	TSV	FALSE	FALSE	FALSE
GSE138794	Homo sapiens	BED, MTX, TSV	FALSE	FALSE	FALSE
GSE138628	Homo sapiens	CSV	FALSE	FALSE	FALSE
GSE133341	Homo sapiens	TXT	FALSE	FALSE	FALSE
GSE137554	Homo sapiens	H5, TSV	FALSE	FALSE	FALSE
GSE135500	Homo sapiens	CSV, TXT	FALSE	FALSE	FALSE
GSE133856	Homo sapiens	TSV, TXT	FALSE	FALSE	FALSE
GSE133854	Homo sapiens	TSV	FALSE	FALSE	FALSE
GSE121080	Homo sapiens	TXT	FALSE	FALSE	FALSE
GSE138504	Homo sapiens	RDS, TXT	FALSE	TRUE	TRUE
GSE117620	Homo sapiens	CSV	FALSE	FALSE	FALSE
GSE112438	Danio rerio; Homo sapiens	COV, CSV, TXT	FALSE	FALSE	FALSE
GSE137275	Homo sapiens	CSV, DOCX, XLSX	FALSE	FALSE	FALSE
GSE125449	Homo sapiens	MTX, TSV, TXT	FALSE	FALSE	FALSE
GSE138248	Homo sapiens	FPKM_TRACKING, XLSX	FALSE	FALSE	FALSE
GSE134269	Homo sapiens	TXT	FALSE	FALSE	FALSE
GSE130117	synthetic construct; Homo sapiens	MTX, TSV, TXT	FALSE	FALSE	FALSE
GSE136874	Homo sapiens	H5, HTML	FALSE	FALSE	FALSE
GSE136805	Homo sapiens	H5, HTML, RDS, TXT	FALSE	TRUE	TRUE
GSE133181	Homo sapiens	TAR	FALSE	FALSE	FALSE
GSE120190	Homo sapiens	TXT	FALSE	FALSE	FALSE
GSE131391	Homo sapiens	TXT	FALSE	FALSE	FALSE
GSE137349	Homo sapiens; Mus musculus	CSV	FALSE	FALSE	FALSE
GSE110571	Homo sapiens	TXT	FALSE	FALSE	FALSE
GSE137961	Homo sapiens	H5, TXT	FALSE	FALSE	FALSE
GSE110572	Homo sapiens	BED, BIGWIG, TXT	FALSE	FALSE	FALSE
GSE137811	Homo sapiens	MTX, TXT	FALSE	FALSE	FALSE
GSE137805	Homo sapiens	TSV	FALSE	FALSE	FALSE
GSE109281	Mus musculus; Homo sapiens	CSV, TSV, TXT	FALSE	FALSE	FALSE
GSE137846	Homo sapiens	MTX, TXT	FALSE	FALSE	FALSE
GSE137537	Homo sapiens	MTX, TSV, TXT	FALSE	FALSE	FALSE
GSE137786	Mus musculus; Homo sapiens	TSV	FALSE	FALSE	FALSE
GSE129987	Homo sapiens	CSV	FALSE	FALSE	FALSE
GSE121600	Homo sapiens; Sus scrofa; Mus musculus	H5	FALSE	FALSE	FALSE
GSE134049	Homo sapiens	MTX, TSV	FALSE	FALSE	FALSE
GSE125288	Homo sapiens	BW, TXT	FALSE	FALSE	FALSE
GSE137545	Homo sapiens	TXT	FALSE	FALSE	FALSE
GSE135564	Homo sapiens	H5	FALSE	FALSE	FALSE
GSE136103	Mus musculus; Homo sapiens	MTX, TSV	FALSE	FALSE	FALSE
GSE137101	Homo sapiens	MTX, TSV, TXT	FALSE	FALSE	FALSE
GSE136394	Homo sapiens	MTX, TSV	FALSE	FALSE	FALSE
GSE131882	Homo sapiens	RDS	FALSE	TRUE	TRUE
GSE123805	Homo sapiens; Mus musculus	TXT	FALSE	FALSE	FALSE
GSE135202	Homo sapiens	TXT	FALSE	FALSE	FALSE
GSE133948	Homo sapiens	CSV	TRUE	FALSE	TRUE
GSE126030	Homo sapiens	TXT	FALSE	FALSE	FALSE
GSE118682	Homo sapiens	CSV	FALSE	FALSE	FALSE
GSE136871	synthetic construct; Mus musculus; Homo sapiens	CSV	FALSE	FALSE	FALSE
GSE136867	Homo sapiens	H5	FALSE	FALSE	FALSE
GSE135893	Homo sapiens	CSV, MTX, RDS, TSV, TXT	TRUE	TRUE	TRUE
GSE136795	Homo sapiens	TXT	FALSE	FALSE	FALSE
GSE124258	Homo sapiens	CSV	FALSE	FALSE	FALSE
GSE136732	Homo sapiens	TXT	FALSE	FALSE	FALSE
GSE130001	Homo sapiens	MTX, TSV	FALSE	FALSE	FALSE
GSE120145	Homo sapiens	CSV	FALSE	FALSE	FALSE
GSE126804	Mus musculus; Homo sapiens	TAB, TXT	FALSE	FALSE	FALSE
GSE136148	Mus musculus; Homo sapiens	MTX, TSV, XLSX	FALSE	FALSE	FALSE
GSE134483	Homo sapiens	TXT	FALSE	FALSE	FALSE
GSE130151	Homo sapiens	MTX, TSV	FALSE	FALSE	FALSE
GSE134809	Homo sapiens	MTX, TSV	FALSE	FALSE	FALSE
GSE129845	Homo sapiens; Mus musculus	MTX, TSV	FALSE	FALSE	FALSE
GSE136353	Homo sapiens	TXT	FALSE	FALSE	FALSE
GSE121107	Homo sapiens	TXT	FALSE	FALSE	FALSE
GSE135595	Homo sapiens	TXT	TRUE	FALSE	TRUE
GSE122783	Homo sapiens	TXT	FALSE	FALSE	FALSE
GSE134881	Homo sapiens	CSV	FALSE	FALSE	FALSE
GSE134127	Homo sapiens	TXT	FALSE	FALSE	FALSE
GSE118947	Homo sapiens	TXT	FALSE	FALSE	FALSE
GSE135507	Homo sapiens	CSV	FALSE	FALSE	FALSE
GSE134570	Homo sapiens	TXT	FALSE	FALSE	FALSE
GSE120107	Homo sapiens	BW, TXT	FALSE	FALSE	FALSE
GSE128169	Homo sapiens	H5, MTX, TSV	FALSE	FALSE	FALSE
GSE135719	Homo sapiens	BED	FALSE	FALSE	FALSE
GSE135716	Homo sapiens	TXT	FALSE	FALSE	FALSE
GSE135634	Homo sapiens	BEDGRAPH	FALSE	FALSE	FALSE
GSE135633	Homo sapiens	BEDGRAPH	FALSE	FALSE	FALSE
GSE135618	Homo sapiens; Mus musculus	CSV, MTX, TSV	FALSE	FALSE	FALSE
GSE133344	Homo sapiens	CSV, H5, MTX, TSV	FALSE	FALSE	FALSE
GSE124494	Homo sapiens	MTX, TSV	FALSE	FALSE	FALSE
GSE135461	Homo sapiens	CEL, CSV, TXT	FALSE	FALSE	FALSE
GSE121671	Mus musculus; Homo sapiens	BW, HIC, TXT	FALSE	FALSE	FALSE
GSE115251	Homo sapiens	MTX, TSV	FALSE	FALSE	FALSE
GSE122982	Homo sapiens	CSV	FALSE	FALSE	FALSE
GSE133329	Homo sapiens	TXT	FALSE	FALSE	FALSE
GSE132950	Homo sapiens	MTX, TSV	FALSE	FALSE	FALSE
GSE127969	Homo sapiens	CSV, TXT	FALSE	FALSE	FALSE
GSE106871	Homo sapiens	BEDGRAPH	FALSE	FALSE	FALSE
GSE121050	Homo sapiens	TXT	FALSE	FALSE	FALSE
GSE130075	Homo sapiens	CLOUPE, MTX, TSV, TXT	FALSE	FALSE	FALSE
GSE130073	Homo sapiens	CLOUPE, MTX, TSV	FALSE	FALSE	FALSE
GSE117803	Homo sapiens	TSV	FALSE	FALSE	FALSE
GSE133706	Homo sapiens	BW, H5, NARROWPEAK	FALSE	FALSE	FALSE
GSE133704	Homo sapiens	H5	FALSE	FALSE	FALSE
GSE133433	Homo sapiens	MTX, TSV	FALSE	FALSE	FALSE
GSE119926	Homo sapiens	TXT	FALSE	FALSE	FALSE
GSE131780	Homo sapiens; Mus musculus	BED	FALSE	FALSE	FALSE
GSE131778	Homo sapiens	TXT	FALSE	FALSE	FALSE
GSE106872	Homo sapiens; Mus musculus	BEDGRAPH	FALSE	FALSE	FALSE
GSE134571	Homo sapiens	MTX, RDS, TSV, TXT	FALSE	TRUE	TRUE
GSE132649	Homo sapiens	BW, TXT	FALSE	FALSE	FALSE
GSE127249	Homo sapiens; Mus musculus; Rattus norvegicus	MTX, TSV, TXT	FALSE	FALSE	FALSE
GSE127246	Homo sapiens; Mus musculus	TXT	FALSE	FALSE	FALSE
GSE118980	Homo sapiens	TXT	FALSE	FALSE	FALSE
GSE134520	Homo sapiens	TXT	FALSE	FALSE	FALSE
GSE134419	Homo sapiens	TXT	FALSE	FALSE	FALSE
GSE128273	Homo sapiens	CSV	FALSE	FALSE	FALSE
GSE122743	Homo sapiens	TXT	FALSE	FALSE	FALSE
GSE89322	Homo sapiens	TXT	FALSE	FALSE	FALSE
GSE130430	Homo sapiens	MTX, TSV	FALSE	FALSE	FALSE
GSE110154	Homo sapiens	CSV	FALSE	FALSE	FALSE
GSE114687	Homo sapiens	MTX, RDS, TSV	TRUE	TRUE	TRUE
GSE130318	Homo sapiens	MTX, TSV	FALSE	FALSE	FALSE
GSE109555	Homo sapiens	TXT	FALSE	FALSE	FALSE
GSE134048	Homo sapiens	CSV	FALSE	FALSE	FALSE
GSE115612	Homo sapiens; Mus musculus; Murid betaherpesvirus 1	H5, TSV, TXT	FALSE	FALSE	FALSE
GSE133996	Homo sapiens	TSV	FALSE	FALSE	FALSE
GSE122031	Homo sapiens	CSV	FALSE	FALSE	FALSE
GSE131928	Homo sapiens	TSV, XLSX	FALSE	FALSE	FALSE
GSE130422	Homo sapiens	CSV, FA	FALSE	FALSE	FALSE
GSE130420	Homo sapiens	CSV, FA	FALSE	FALSE	FALSE
GSE133832	Homo sapiens	TXT	FALSE	FALSE	FALSE
GSE107723	Homo sapiens	CSV, FA	FALSE	FALSE	FALSE
GSE102683	Homo sapiens	CSV	FALSE	FALSE	FALSE
GSE107618	Homo sapiens	CSV	FALSE	FALSE	FALSE
GSE114396	Homo sapiens	CSV	FALSE	FALSE	FALSE
GSE133161	Homo sapiens	TXT	FALSE	FALSE	FALSE
GSE128518	Homo sapiens; Mus musculus	MTX, TSV, TXT	TRUE	FALSE	TRUE
GSE124898	Homo sapiens	MTX, TSV	FALSE	FALSE	FALSE
GSE133094	Homo sapiens	TSV	FALSE	FALSE	FALSE
GSE128033	Homo sapiens	MTX, TSV	FALSE	FALSE	FALSE
GSE106888	Homo sapiens	XLSX	FALSE	FALSE	FALSE
GSE125770	Homo sapiens	CEL	FALSE	FALSE	FALSE
GSE125769	Homo sapiens	TXT	FALSE	FALSE	FALSE
GSE124472	Homo sapiens	TAR	FALSE	FALSE	FALSE
GSE124395	Homo sapiens	CSV, RDATA, TXT	FALSE	TRUE	TRUE
GSE132802	Homo sapiens	H5	FALSE	FALSE	FALSE
GSE117410	Homo sapiens	CSV	FALSE	FALSE	FALSE
GSE132672	Homo sapiens	TXT	FALSE	FALSE	FALSE
GSE131668	Homo sapiens	TXT	FALSE	FALSE	FALSE
GSE118127	Homo sapiens	H5	FALSE	FALSE	FALSE
GSE111896	Homo sapiens	TXT	FALSE	FALSE	FALSE
GSE111894	Homo sapiens	TXT	FALSE	FALSE	FALSE
GSE111892	Homo sapiens	BW, TXT	FALSE	FALSE	FALSE
GSE132566	Homo sapiens	TXT	FALSE	FALSE	FALSE
GSE131736	Homo sapiens	H5	FALSE	FALSE	FALSE
GSE130888	Homo sapiens	MTX, TSV	FALSE	FALSE	FALSE
GSE126321	Homo sapiens	MTX, TSV	FALSE	FALSE	FALSE
GSE132300	Homo sapiens	TXT	FALSE	FALSE	FALSE
GSE128627	Homo sapiens	TXT	FALSE	FALSE	FALSE
GSE128626	Homo sapiens	TXT	FALSE	FALSE	FALSE
GSE122084	Homo sapiens	TXT	FALSE	FALSE	FALSE
GSE122083	Homo sapiens	TXT	FALSE	FALSE	FALSE
GSE122058	Homo sapiens	TXT	FALSE	FALSE	FALSE
GSE128639	Homo sapiens	CSV, TSV	FALSE	FALSE	FALSE
GSE132172	Homo sapiens	TSV	FALSE	FALSE	FALSE
GSE129519	Homo sapiens	TXT	FALSE	FALSE	FALSE
GSE129112	Homo sapiens	TXT	FALSE	FALSE	FALSE
GSE132044	Homo sapiens; Mus musculus	MTX, TSV	FALSE	FALSE	FALSE
GSE132023	Homo sapiens	TXT	FALSE	FALSE	FALSE
GSE130271	Homo sapiens	XLSX	FALSE	FALSE	FALSE
GSE117826	Mus musculus; Homo sapiens	MTX, TSV, TXT	FALSE	FALSE	FALSE
GSE117824	Homo sapiens; Mus musculus	MTX, TSV	FALSE	FALSE	FALSE
GSE130578	Homo sapiens	TSV	FALSE	FALSE	FALSE
GSE120771	Homo sapiens; Mus musculus	BED, HIC, TXT	FALSE	FALSE	FALSE
GSE115149	Homo sapiens	H5	FALSE	FALSE	FALSE
GSE131685	Homo sapiens	MTX, TSV	FALSE	FALSE	FALSE
GSE131841	Homo sapiens	TXT	FALSE	FALSE	FALSE
GSE123813	Homo sapiens	TXT	TRUE	FALSE	TRUE
GSE123812	Homo sapiens	TXT	FALSE	FALSE	FALSE
GSE113336	Homo sapiens	BIGBED, BW	FALSE	FALSE	FALSE
GSE130473	Homo sapiens	CSV	FALSE	FALSE	FALSE
GSE130636	Homo sapiens	TSV	FALSE	FALSE	FALSE
GSE117837	Homo sapiens	CSV	FALSE	FALSE	FALSE
GSE121560	Homo sapiens	TXT	FALSE	FALSE	FALSE
GSE116254	Homo sapiens	TXT	FALSE	FALSE	FALSE
GSE104406	Homo sapiens	TXT	FALSE	FALSE	FALSE
GSE104379	Homo sapiens	TXT	FALSE	FALSE	FALSE
GSE128531	Homo sapiens	CSV	FALSE	FALSE	FALSE
GSE114412	Homo sapiens	TSV	TRUE	FALSE	TRUE
GSE130881	Homo sapiens	TXT	FALSE	FALSE	FALSE
GSE130784	Mus musculus; Homo sapiens	TAR, TXT	FALSE	FALSE	FALSE
GSE127813	Homo sapiens	TXT	FALSE	FALSE	FALSE
GSE127471	Homo sapiens	MTX, TSV	FALSE	FALSE	FALSE
GSE123392	Mus musculus; Homo sapiens	TXT	TRUE	FALSE	TRUE
GSE109085	Homo sapiens	CSV, TXT, XLSX	FALSE	FALSE	FALSE
GSE128933	Homo sapiens	CSV	FALSE	FALSE	FALSE
GSE128890	Mus musculus; Homo sapiens	MTX, TSV	FALSE	FALSE	FALSE
GSE128889	Homo sapiens; Mus musculus	MTX, TSV	FALSE	FALSE	FALSE
GSE128223	Homo sapiens	TSV	FALSE	FALSE	FALSE
GSE126068	Homo sapiens	CSV	FALSE	FALSE	FALSE
GSE117498	Homo sapiens	TSV	FALSE	FALSE	FALSE
GSE117570	Homo sapiens	TXT	FALSE	FALSE	FALSE
GSE130346	Homo sapiens	CSV	FALSE	FALSE	FALSE
GSE126042	Homo sapiens	CSV, TXT	FALSE	FALSE	FALSE
GSE101132	Homo sapiens	TXT	FALSE	FALSE	FALSE
GSE101076	Homo sapiens	TXT	FALSE	FALSE	FALSE
GSE100722	Homo sapiens	TXT	FALSE	FALSE	FALSE
GSE130238	Homo sapiens	MTX, TSV	FALSE	FALSE	FALSE
GSE119507	Homo sapiens	MTX, TSV	FALSE	FALSE	FALSE
GSE119506	Homo sapiens	MTX, TSV	FALSE	FALSE	FALSE
GSE119343	Homo sapiens	TXT	FALSE	FALSE	FALSE
GSE119274	Homo sapiens	TXT	FALSE	FALSE	FALSE
GSE113616	Homo sapiens	CSV	FALSE	FALSE	FALSE
GSE130148	Homo sapiens	CSV, RDATA, TXT	FALSE	TRUE	TRUE
GSE124989	Homo sapiens	XLSX	FALSE	FALSE	FALSE
GSE115301	Homo sapiens; Mus musculus	CSV, TXT	TRUE	FALSE	TRUE
GSE123585	Homo sapiens	TSV, WIG	FALSE	FALSE	FALSE
GSE130065	Homo sapiens; Mus musculus	CSV, MTX, TSV, TXT	FALSE	FALSE	FALSE
GSE129933	Homo sapiens	TSV	TRUE	FALSE	TRUE
GSE127202	Homo sapiens	TAR, TXT	FALSE	FALSE	FALSE
GSE127201	Homo sapiens	BED, XLSX	FALSE	FALSE	FALSE
GSE127199	Homo sapiens	TAR, TXT	FALSE	FALSE	FALSE
GSE129653	Homo sapiens	TXT	FALSE	FALSE	FALSE
GSE117309	Mus musculus; Homo sapiens	FASTA, TAR, TXT	FALSE	FALSE	FALSE
GSE129578	Mus musculus; Homo sapiens	MTX	FALSE	FALSE	FALSE
GSE129570	Homo sapiens	CSV	FALSE	FALSE	FALSE
GSE126022	Homo sapiens	TXT	FALSE	FALSE	FALSE
GSE127465	Homo sapiens; Mus musculus	MTX, TSV	TRUE	FALSE	TRUE
GSE128993	Homo sapiens; Sus scrofa; Mus musculus; Rattus norvegicus	TXT	FALSE	FALSE	FALSE
GSE128992	Sus scrofa; Mus musculus; Rattus norvegicus; Homo sapiens	TXT	FALSE	FALSE	FALSE
GSE128991	Mus musculus; Homo sapiens	XLSX	FALSE	FALSE	FALSE
GSE125680	Homo sapiens; Mus musculus	MTX, TSV, TXT	FALSE	FALSE	FALSE
GSE124675	Homo sapiens	CSV	FALSE	FALSE	FALSE
GSE81730	Homo sapiens	TXT	FALSE	FALSE	FALSE
GSE129096	Homo sapiens	TSV	FALSE	FALSE	FALSE
GSE112507	Homo sapiens	TXT	FALSE	FALSE	FALSE
GSE129007	Homo sapiens	TXT	FALSE	FALSE	FALSE
GSE119149	Homo sapiens	TXT	FALSE	FALSE	FALSE
GSE113046	Homo sapiens	TXT	FALSE	FALSE	FALSE
GSE124899	Homo sapiens	MTX, TSV	FALSE	FALSE	FALSE
GSE118937	Homo sapiens; Mus musculus	CSV	FALSE	FALSE	FALSE
GSE120261	Mus musculus; Homo sapiens	CSV	FALSE	FALSE	FALSE
GSE112274	Homo sapiens	CSV	FALSE	FALSE	FALSE
GSE107646	Homo sapiens	TXT	FALSE	FALSE	FALSE
GSE122703	Homo sapiens	MTX, TSV	FALSE	FALSE	FALSE
GSE127955	Homo sapiens	TXT	FALSE	FALSE	FALSE
GSE123070	Homo sapiens	TXT	FALSE	FALSE	FALSE
GSE111404	Homo sapiens	TXT	FALSE	FALSE	FALSE
GSE128331	Homo sapiens	CSV	FALSE	FALSE	FALSE
GSE128147	Mus musculus; other sequences; Homo sapiens	TXT	FALSE	FALSE	FALSE
GSE124334	Homo sapiens	MTX, TSV	FALSE	FALSE	FALSE
GSE119561	Homo sapiens	MTX, TSV	FALSE	FALSE	FALSE
GSE128066	Homo sapiens; Mus musculus	MTX, TSV	FALSE	FALSE	FALSE
GSE128040	Homo sapiens	TXT	FALSE	FALSE	FALSE
GSE127888	Homo sapiens	TXT	FALSE	FALSE	FALSE
GSE124031	Homo sapiens	CSV, MTX, TSV, TXT	FALSE	FALSE	FALSE
GSE127221	Homo sapiens	RDS, TXT	TRUE	TRUE	TRUE
GSE123782	Homo sapiens	TXT	FALSE	FALSE	FALSE
GSE115389	Homo sapiens	TXT	FALSE	FALSE	FALSE
GSE126310	Homo sapiens; Mus musculus	CSV, TXT	FALSE	FALSE	FALSE
GSE119594	Homo sapiens	MTX, TSV	FALSE	FALSE	FALSE
GSE117211	Homo sapiens	MTX, TSV	FALSE	FALSE	FALSE
GSE127298	Homo sapiens	TXT	FALSE	FALSE	FALSE
GSE124174	Homo sapiens	TXT	FALSE	FALSE	FALSE
GSE122583	Homo sapiens	TSV	FALSE	FALSE	FALSE
GSE122582	Homo sapiens	TXT	FALSE	FALSE	FALSE
GSE118203	Homo sapiens	TSV	FALSE	FALSE	FALSE
GSE116256	Homo sapiens	TXT	FALSE	FALSE	FALSE
GSE115218	Homo sapiens	TSV	FALSE	FALSE	FALSE
GSE115217	Homo sapiens	TSV	FALSE	FALSE	FALSE
GSE115214	Homo sapiens	TSV, TXT	FALSE	FALSE	FALSE
GSE115210	Homo sapiens	TXT	FALSE	FALSE	FALSE
GSE115209	Homo sapiens	TXT	FALSE	FALSE	FALSE
GSE116222	Homo sapiens	TXT	FALSE	FALSE	FALSE
GSE124438	Homo sapiens	CEL, CSV	FALSE	FALSE	FALSE
GSE124437	Homo sapiens	CSV, TXT	FALSE	FALSE	FALSE
GSE123926	Homo sapiens	MTX, TSV	FALSE	FALSE	FALSE
GSE126158	Homo sapiens	XLSX	FALSE	FALSE	FALSE
GSE119271	Homo sapiens; Mus musculus	FPKM_TRACKING	FALSE	FALSE	FALSE
GSE96676	Homo sapiens; Mus musculus	BW	FALSE	FALSE	FALSE
GSE126908	Homo sapiens	CSV	FALSE	FALSE	FALSE
GSE126906	Homo sapiens	CSV	FALSE	FALSE	FALSE
GSE111015	Homo sapiens	BIGWIG, NARROWPEAK	FALSE	FALSE	FALSE
GSE111014	Homo sapiens	MTX, TSV	FALSE	FALSE	FALSE
GSE126836	Mus musculus; Homo sapiens	CSV, MTX	FALSE	FALSE	FALSE
GSE116621	Homo sapiens	TXT	FALSE	FALSE	FALSE
GSE114530	Homo sapiens	MTX, TSV	FALSE	FALSE	FALSE
GSE126780	Homo sapiens	CSV	FALSE	FALSE	FALSE
GSE110791	Homo sapiens	CSV	FALSE	FALSE	FALSE
GSE125587	Homo sapiens	TXT	FALSE	FALSE	FALSE
GSE110684	Homo sapiens	BW, CSV, TXT	FALSE	FALSE	FALSE
GSE108116	Homo sapiens; Mus musculus	BED, TXT	FALSE	FALSE	FALSE
GSE108115	Homo sapiens	TXT	FALSE	FALSE	FALSE
GSE124335	Homo sapiens	CSV, TXT	FALSE	FALSE	FALSE
GSE115937	Homo sapiens	CSV, TAB	FALSE	FALSE	FALSE
GSE115936	Homo sapiens	CSV, TAB	FALSE	FALSE	FALSE
GSE115861	Homo sapiens	CSV, TAB	FALSE	FALSE	FALSE
GSE121265	Homo sapiens	RDS, TXT	FALSE	TRUE	TRUE
GSE122198	Homo sapiens	TXT	FALSE	FALSE	FALSE
GSE105452	Homo sapiens	TXT	FALSE	FALSE	FALSE
GSE105451	Homo sapiens	TXT	FALSE	FALSE	FALSE
GSE126261	Homo sapiens	TXT	FALSE	FALSE	FALSE
GSE126250	Homo sapiens	TSV	FALSE	FALSE	FALSE
GSE124299	Pan troglodytes; Macaca mulatta; Homo sapiens	TXT, XLSX	TRUE	FALSE	TRUE
GSE126111	Homo sapiens	TXT	FALSE	FALSE	FALSE
GSE126085	Homo sapiens	TXT	FALSE	FALSE	FALSE
GSE109761	Homo sapiens; Mus musculus	RDS, TXT	FALSE	TRUE	TRUE
GSE115986	Homo sapiens	TXT	FALSE	FALSE	FALSE
GSE126027	Homo sapiens	CSV	FALSE	FALSE	FALSE
GSE116481	Homo sapiens	TXT	TRUE	FALSE	TRUE
GSE101558	Homo sapiens	CLOUPE, TSV, TXT	FALSE	FALSE	FALSE
GSE106118	Homo sapiens	TXT	FALSE	FALSE	FALSE
GSE123264	Homo sapiens	TXT	FALSE	FALSE	FALSE
GSE106810	Homo sapiens; Mus musculus	BW, TXT	FALSE	FALSE	FALSE
GSE125416	Homo sapiens	H5, MTX, TSV	FALSE	FALSE	FALSE
GSE125300	Homo sapiens	CSV, TXT	FALSE	FALSE	FALSE
GSE93706	Homo sapiens	BW, FPKM_TRACKING	FALSE	FALSE	FALSE
GSE108632	Homo sapiens	XLSX	FALSE	FALSE	FALSE
GSE111065	Homo sapiens	TXT	FALSE	FALSE	FALSE
GSE124862	Homo sapiens	TXT	FALSE	FALSE	FALSE
GSE124859	Homo sapiens	TXT	FALSE	FALSE	FALSE
GSE124858	Homo sapiens	TXT	FALSE	FALSE	FALSE
GSE124731	Homo sapiens	TXT	TRUE	FALSE	TRUE
GSE124703	Homo sapiens	MTX, TSV, TXT	FALSE	FALSE	FALSE
GSE120861	Homo sapiens	MTX, RDS, TSV, TXT	FALSE	TRUE	TRUE
GSE123028	Homo sapiens	CSV	FALSE	FALSE	FALSE
GSE119984	Homo sapiens	TSV	FALSE	FALSE	FALSE
GSE119983	Homo sapiens	TSV	FALSE	FALSE	FALSE
GSE119982	Homo sapiens	TSV	FALSE	FALSE	FALSE
GSE119936	Homo sapiens	TSV	FALSE	FALSE	FALSE
GSE115011	Homo sapiens	CSV, TXT	FALSE	FALSE	FALSE
GSE124365	Homo sapiens	CSV	FALSE	FALSE	FALSE
GSE123139	Homo sapiens	TXT	FALSE	FALSE	FALSE
GSE117844	Homo sapiens	TXT	FALSE	FALSE	FALSE
GSE115305	Homo sapiens	TXT	FALSE	FALSE	FALSE
GSE124314	Homo sapiens	TXT	FALSE	FALSE	FALSE
GSE124308	Homo sapiens	TSV	FALSE	FALSE	FALSE
GSE124263	Homo sapiens	MTX, TSV	FALSE	FALSE	FALSE
GSE122342	Homo sapiens	MTX, TSV, TXT	FALSE	FALSE	FALSE
GSE107794	Homo sapiens	TXT	FALSE	FALSE	FALSE
GSE120522	Mus musculus; Homo sapiens	FA, GTF, MTX, TSV, TXT	FALSE	FALSE	FALSE
GSE119893	Homo sapiens	CSV	FALSE	FALSE	FALSE
GSE123844	Homo sapiens	TXT	FALSE	FALSE	FALSE
GSE122960	Homo sapiens	H5	FALSE	FALSE	FALSE
GSE114670	Homo sapiens	TAB	FALSE	FALSE	FALSE
GSE111360	Homo sapiens	CSV, MTX, TSV, TXT	FALSE	FALSE	FALSE
GSE108556	Mus musculus; Homo sapiens	BEDGRAPH, BIGWIG, TXT	FALSE	FALSE	FALSE
GSE123604	Homo sapiens	BW, TXT	FALSE	FALSE	FALSE
GSE121069	Mus musculus; Homo sapiens	TXT	FALSE	FALSE	FALSE
GSE123476	Homo sapiens	TXT	FALSE	FALSE	FALSE
GSE117156	Homo sapiens	TXT	TRUE	FALSE	TRUE
GSE114802	Homo sapiens	CSV, MTX, TSV	FALSE	FALSE	FALSE
GSE119969	Homo sapiens	TXT	FALSE	FALSE	FALSE
GSE117403	Homo sapiens	MTX, TSV	FALSE	FALSE	FALSE
GSE117271	Homo sapiens	TXT	FALSE	FALSE	FALSE
GSE51025	Homo sapiens	BW, TXT, WIG	FALSE	FALSE	FALSE
GSE122873	Homo sapiens	TXT	FALSE	FALSE	FALSE
GSE119139	Homo sapiens	CSV, H5	FALSE	FALSE	FALSE
GSE115257	Homo sapiens	TXT	FALSE	FALSE	FALSE
GSE113253	Homo sapiens	BED, TXT, ZIP	FALSE	FALSE	FALSE
GSE123074	Homo sapiens	XLSX	FALSE	FALSE	FALSE
GSE111301	Mus musculus; Homo sapiens	CSV, TSV, TXT	FALSE	FALSE	FALSE
GSE104869	Homo sapiens	TXT	FALSE	FALSE	FALSE
GSE97693	Homo sapiens	TXT	FALSE	FALSE	FALSE
GSE119750	Homo sapiens	TXT	TRUE	FALSE	TRUE
GSE115926	Homo sapiens	TSV, TXT	FALSE	FALSE	FALSE
GSE81585	Homo sapiens	BW, TXT	FALSE	FALSE	FALSE
GSE122846	Homo sapiens	H5, MTX, TSV	FALSE	FALSE	FALSE
GSE120796	Homo sapiens	TXT	FALSE	FALSE	FALSE
GSE117872	Homo sapiens	TXT	FALSE	FALSE	FALSE
GSE116011	synthetic construct; Homo sapiens; Mus musculus	TXT	FALSE	FALSE	FALSE
GSE119455	Homo sapiens	TXT	FALSE	FALSE	FALSE
GSE107863	Homo sapiens	TXT	FALSE	FALSE	FALSE
GSE107858	Homo sapiens	TXT	FALSE	FALSE	FALSE
GSE119807	Homo sapiens	TXT	FALSE	FALSE	FALSE
GSE116672	Homo sapiens	TSV	FALSE	FALSE	FALSE
GSE118900	Homo sapiens	TXT	FALSE	FALSE	FALSE
GSE113901	Homo sapiens; Mus musculus	CSV, XLSX	FALSE	FALSE	FALSE
GSE122326	Homo sapiens	TDF, TXT	FALSE	FALSE	FALSE
GSE121267	Homo sapiens	MTX, TSV	FALSE	FALSE	FALSE
GSE109645	Homo sapiens	TXT	FALSE	FALSE	FALSE
GSE109037	Homo sapiens; Mus musculus	MTX, TSV	FALSE	FALSE	FALSE
GSE108977	Homo sapiens	TXT	FALSE	FALSE	FALSE
GSE121720	Homo sapiens	BIGWIG, CSV, TXT	FALSE	FALSE	FALSE
GSE121717	Homo sapiens	BIGWIG, TXT	FALSE	FALSE	FALSE
GSE107517	Homo sapiens	CSV	FALSE	FALSE	FALSE
GSE118828	Homo sapiens	CSV	FALSE	FALSE	FALSE
GSE112692	Homo sapiens	TXT	FALSE	FALSE	FALSE
GSE109535	Homo sapiens; Mus musculus	TXT, XLSX	FALSE	FALSE	FALSE
GSE122041	Homo sapiens	TXT	FALSE	FALSE	FALSE
GSE121429	Homo sapiens	CLOUPE	FALSE	FALSE	FALSE
GSE115978	Homo sapiens	CSV	FALSE	FALSE	FALSE
GSE121655	Homo sapiens; Mus musculus	TXT	FALSE	FALSE	FALSE
GSE114071	Homo sapiens	GCT	FALSE	FALSE	FALSE
GSE111545	Homo sapiens	TXT	FALSE	FALSE	FALSE
GSE111543	Homo sapiens	TXT	FALSE	FALSE	FALSE
GSE121699	Homo sapiens	CSV	FALSE	FALSE	FALSE
GSE121579	Homo sapiens	CSV	FALSE	FALSE	FALSE
GSE114044	Homo sapiens; Mus musculus	CSV	FALSE	FALSE	FALSE
GSE115469	Homo sapiens	CSV	FALSE	FALSE	FALSE
GSE111717	Homo sapiens	TXT	FALSE	FALSE	FALSE
GSE120506	Homo sapiens	TXT	FALSE	FALSE	FALSE
GSE116683	Homo sapiens	CSV	FALSE	FALSE	FALSE
GSE112013	Homo sapiens	TXT	FALSE	FALSE	FALSE
GSE118184	Homo sapiens	TXT	FALSE	FALSE	FALSE
GSE116180	Homo sapiens	TXT	FALSE	FALSE	FALSE
GSE110973	Homo sapiens	H5	FALSE	FALSE	FALSE
GSE119767	Homo sapiens	TXT, XLSX	FALSE	FALSE	FALSE
GSE111462	Mus musculus; Homo sapiens	H5, TXT	FALSE	FALSE	FALSE
GSE111458	Homo sapiens	TXT	FALSE	FALSE	FALSE
GSE120904	Homo sapiens	TXT	FALSE	FALSE	FALSE
GSE120839	Canis lupus familiaris; Influenza A virus (A/WSN/1933(H1N1)); Homo sapiens	FASTA, MTX, TSV	FALSE	FALSE	FALSE
GSE120575	Homo sapiens	TXT	FALSE	FALSE	FALSE
GSE107771	Homo sapiens	CSV	FALSE	FALSE	FALSE
GSE104987	Homo sapiens	TSV	FALSE	FALSE	FALSE
GSE104985	Homo sapiens	TXT	FALSE	FALSE	FALSE
GSE113089	Homo sapiens	CSV, HTML	FALSE	FALSE	FALSE
GSE109534	Homo sapiens	TXT	FALSE	FALSE	FALSE
GSE114374	Homo sapiens; Mus musculus	TXT	FALSE	FALSE	FALSE
GSE120446	Homo sapiens	H5, JSON, MTX, TSV	FALSE	FALSE	FALSE
GSE120444	Homo sapiens	H5, JSON, TSV, TXT	FALSE	FALSE	FALSE
GSE119373	Homo sapiens	TXT	FALSE	FALSE	FALSE
GSE105211	Homo sapiens	TXT	FALSE	FALSE	FALSE
GSE95450	Homo sapiens	TXT	FALSE	FALSE	FALSE
GSE95446	Homo sapiens	TXT	FALSE	FALSE	FALSE
GSE95435	Homo sapiens	TXT	FALSE	FALSE	FALSE
GSE107185	Homo sapiens; unidentified plasmid	CSV, TSV, TXT	FALSE	FALSE	FALSE
GSE120269	Homo sapiens	CSV	FALSE	FALSE	FALSE
GSE120221	Homo sapiens	MTX, TSV	FALSE	FALSE	FALSE
GSE118723	Homo sapiens	RDS, TXT	FALSE	TRUE	TRUE
GSE117397	Homo sapiens	TXT	FALSE	FALSE	FALSE
GSE101207	Mus musculus; Homo sapiens	BW, TXT	FALSE	FALSE	FALSE
GSE115798	Homo sapiens	CSV, TXT	FALSE	FALSE	FALSE
GSE115639	Homo sapiens	CSV	FALSE	FALSE	FALSE
GSE104995	Homo sapiens	TXT	FALSE	FALSE	FALSE
GSE118209	Homo sapiens	TXT	FALSE	FALSE	FALSE
GSE119859	Mus musculus; Homo sapiens	BW	FALSE	FALSE	FALSE
GSE119630	Homo sapiens; Mus musculus; Rattus norvegicus	CSV	FALSE	FALSE	FALSE
GSE119562	Homo sapiens; Mus musculus	CSV	FALSE	FALSE	FALSE
GSE119450	Homo sapiens	CSV, TAR	FALSE	FALSE	FALSE
GSE103518	Homo sapiens	HDF5	FALSE	FALSE	FALSE
GSE119428	Homo sapiens; Mus musculus	JSON, TSV, TXT	FALSE	FALSE	FALSE
GSE115982	Homo sapiens	CSV	FALSE	FALSE	FALSE
GSE101061	Homo sapiens	XLSX	FALSE	FALSE	FALSE
GSE117988	Homo sapiens	CSV	FALSE	FALSE	FALSE
GSE72612	Homo sapiens	TXT	FALSE	FALSE	FALSE
GSE106487	Homo sapiens	TXT, XLS	FALSE	FALSE	FALSE
GSE117089	Homo sapiens; Mus musculus	CSV, TXT	FALSE	FALSE	FALSE
GSE117131	Homo sapiens; Mus musculus	TXT	FALSE	FALSE	FALSE
GSE109488	Homo sapiens	TXT	FALSE	FALSE	FALSE
GSE119035	Homo sapiens	CEL	FALSE	FALSE	FALSE
GSE115397	Homo sapiens	TXT	FALSE	FALSE	FALSE
GSE114161	Homo sapiens	CSV, TSV, TXT	FALSE	FALSE	FALSE
GSE118767	Homo sapiens	CSV, TXT	FALSE	FALSE	FALSE
GSE118734	Homo sapiens	TXT	FALSE	FALSE	FALSE
GSE118733	Homo sapiens	TXT	FALSE	FALSE	FALSE
GSE117617	Homo sapiens	CSV, XLS	FALSE	FALSE	FALSE
GSE117450	Homo sapiens	CSV, TXT	FALSE	FALSE	FALSE
GSE118706	Homo sapiens	CSV	FALSE	FALSE	FALSE
GSE118704	Homo sapiens	CSV, TXT	FALSE	FALSE	FALSE
GSE115405	Homo sapiens	TXT	FALSE	FALSE	FALSE
GSE108546	Homo sapiens	TXT	FALSE	FALSE	FALSE
GSE118389	Homo sapiens	TXT	FALSE	FALSE	FALSE
GSE108288	Homo sapiens	MTX, TSV	FALSE	FALSE	FALSE
GSE102592	Homo sapiens; Mus musculus	MTX, TSV	FALSE	FALSE	FALSE
GSE107747	Homo sapiens	MTX, TSV	FALSE	FALSE	FALSE
GSE114461	Homo sapiens	CSV	FALSE	FALSE	FALSE
GSE114460	Homo sapiens	CSV	FALSE	FALSE	FALSE
GSE114459	Homo sapiens	CSV	FALSE	FALSE	FALSE
GSE111683	Homo sapiens	BED, GTF, TXT	FALSE	FALSE	FALSE
GSE102580	Homo sapiens; Mus musculus	TSV	TRUE	FALSE	TRUE
GSE111860	Homo sapiens	TXT	TRUE	FALSE	TRUE
GSE111689	Homo sapiens	BED, GTF, IDAT	FALSE	FALSE	FALSE
GSE95143	Mus musculus; Homo sapiens	BED, BW	FALSE	FALSE	FALSE
GSE95140	Homo sapiens; Mus musculus	TXT	FALSE	FALSE	FALSE
GSE115189	Homo sapiens	H5	FALSE	FALSE	FALSE
GSE103568	Homo sapiens; Mus musculus	TXT	FALSE	FALSE	FALSE
GSE102139	Homo sapiens	TXT	FALSE	FALSE	FALSE
GSE117618	Homo sapiens	CSV, XLS	FALSE	FALSE	FALSE
GSE112845	Homo sapiens	MTX, TSV	FALSE	FALSE	FALSE
GSE117480	Homo sapiens	TXT	FALSE	FALSE	FALSE
GSE89497	Homo sapiens	TXT	FALSE	FALSE	FALSE
GSE107073	Homo sapiens	BW	FALSE	FALSE	FALSE
GSE107071	Homo sapiens	TXT	FALSE	FALSE	FALSE
GSE94453	Homo sapiens	TXT	FALSE	FALSE	FALSE
GSE104782	Homo sapiens	TXT, XLSX	FALSE	FALSE	FALSE
GSE117324	Homo sapiens	BED, TSV	FALSE	FALSE	FALSE
GSE117313	Homo sapiens	TSV	FALSE	FALSE	FALSE
GSE114961	Homo sapiens	TSV, TXT	FALSE	FALSE	FALSE
GSE116237	Homo sapiens	TXT	FALSE	FALSE	FALSE
GSE114998	Homo sapiens	XLSX	FALSE	FALSE	FALSE
GSE114297	Homo sapiens	MTX, TSV	FALSE	FALSE	FALSE
GSE116555	Homo sapiens	RDA, TXT	FALSE	TRUE	TRUE
GSE116500	Homo sapiens	CSV	FALSE	FALSE	FALSE
GSE103224	Homo sapiens	TXT	FALSE	FALSE	FALSE
GSE108397	Homo sapiens	MTX, TSV	FALSE	FALSE	FALSE
GSE108394	Homo sapiens	MTX, TSV	FALSE	FALSE	FALSE
GSE108383	Homo sapiens	TXT	FALSE	FALSE	FALSE
GSE108382	Homo sapiens	TXT	FALSE	FALSE	FALSE
GSE103723	Homo sapiens	TXT, XLSX	FALSE	FALSE	FALSE
GSE114727	Homo sapiens	CSV, MTX, TSV	FALSE	FALSE	FALSE
GSE114725	Homo sapiens	CSV	FALSE	FALSE	FALSE
GSE114724	Homo sapiens	CSV, MTX, TSV	FALSE	FALSE	FALSE
GSE115578	Homo sapiens	CSV	FALSE	FALSE	FALSE
GSE100483	Homo sapiens	TXT	FALSE	FALSE	FALSE
GSE99254	Homo sapiens	TXT	FALSE	FALSE	FALSE
GSE110686	Homo sapiens	MTX, TSV	FALSE	FALSE	FALSE
GSE116113	Homo sapiens	TXT	FALSE	FALSE	FALSE
GSE99822	Homo sapiens	TXT	FALSE	FALSE	FALSE
GSE116061	Homo sapiens	TXT	FALSE	FALSE	FALSE
GSE112230	Mus musculus; Homo sapiens	BW, CSV, NARROWPEAK	FALSE	FALSE	FALSE
GSE115961	Homo sapiens	BED, BW, TSV	FALSE	FALSE	FALSE
GSE115960	Homo sapiens	TSV	FALSE	FALSE	FALSE
GSE114156	Homo sapiens	TXT	FALSE	FALSE	FALSE
GSE109564	Homo sapiens	TXT	FALSE	FALSE	FALSE
GSE115795	Homo sapiens	CSV	FALSE	FALSE	FALSE
GSE111912	Homo sapiens	TXT	FALSE	FALSE	FALSE
GSE113931	Homo sapiens; Pan troglodytes	TXT	FALSE	FALSE	FALSE
GSE103867	Homo sapiens	MTX, TSV	FALSE	FALSE	FALSE
GSE103866	Homo sapiens	TXT	FALSE	FALSE	FALSE
GSE112417	Homo sapiens; Mus musculus	BIGWIG, CSV, TXT	FALSE	FALSE	FALSE
GSE114371	Homo sapiens	TXT	FALSE	FALSE	FALSE
GSE113036	Homo sapiens	CSV, MTX, TSV	FALSE	FALSE	FALSE
GSE55343	Homo sapiens	TXT	FALSE	FALSE	FALSE
GSE115097	Homo sapiens	CSV	FALSE	FALSE	FALSE
GSE106245	Pongo abelii; Macaca mulatta; Homo sapiens; Pan troglodytes	GTF, TAR, TSV, TXT	FALSE	FALSE	FALSE
GSE115007	Homo sapiens	CSV, TXT	FALSE	FALSE	FALSE
GSE115006	Homo sapiens	CSV, TXT	FALSE	FALSE	FALSE
GSE113168	Homo sapiens	TSV	FALSE	FALSE	FALSE
GSE110499	Homo sapiens	TXT	FALSE	FALSE	FALSE
GSE99255	Homo sapiens	TAB, TXT	FALSE	FALSE	FALSE
GSE106202	Homo sapiens	TXT	FALSE	FALSE	FALSE
GSE92274	Mus musculus; Homo sapiens	PDF, TXT	FALSE	FALSE	FALSE
GSE109718	Homo sapiens	TXT	FALSE	FALSE	FALSE
GSE109205	Homo sapiens	TXT	FALSE	FALSE	FALSE
GSE114397	Homo sapiens	TSV, TXT	FALSE	FALSE	FALSE
GSE94957	Homo sapiens	BW	FALSE	FALSE	FALSE
GSE97727	Homo sapiens	TXT	FALSE	FALSE	FALSE
GSE113660	Homo sapiens	MTX, TSV, TXT	FALSE	FALSE	FALSE
GSE113675	Mus musculus; Homo sapiens	TXT	FALSE	FALSE	FALSE
GSE96811	Homo sapiens	TXT	FALSE	FALSE	FALSE
GSE102090	Homo sapiens	HDF5, MTX, TSV	FALSE	FALSE	FALSE
GSE98440	Homo sapiens	CSV, TXT	FALSE	FALSE	FALSE
GSE112732	Homo sapiens	TXT	FALSE	FALSE	FALSE
GSE102130	Homo sapiens	TXT	FALSE	FALSE	FALSE
GSE113198	Homo sapiens	TXT	FALSE	FALSE	FALSE
GSE113197	Homo sapiens	TXT	FALSE	FALSE	FALSE
GSE113196	Homo sapiens	TXT	FALSE	FALSE	FALSE
GSE113127	Homo sapiens	TXT	FALSE	FALSE	FALSE
GSE113099	Homo sapiens	TXT	FALSE	FALSE	FALSE
GSE111764	Mus musculus; Schmidtea mediterranea; Homo sapiens	TXT	FALSE	FALSE	FALSE
GSE102934	Homo sapiens	CSV, H5, TXT, XLSX	FALSE	FALSE	FALSE
GSE112570	Homo sapiens	MTX, TSV	FALSE	FALSE	FALSE
GSE110798	Homo sapiens	XLSX	FALSE	FALSE	FALSE
GSE90015	Homo sapiens	BW, IDAT, TSV	FALSE	FALSE	FALSE
GSE90014	Homo sapiens	TSV	FALSE	FALSE	FALSE
GSE111831	Homo sapiens; Mus musculus	TXT	FALSE	FALSE	FALSE
GSE79280	Homo sapiens	TSV	FALSE	FALSE	FALSE
GSE103154	Homo sapiens	TXT, XLSX	FALSE	FALSE	FALSE
GSE95630	Homo sapiens	TXT, XLSX	FALSE	FALSE	FALSE
GSE95155	Homo sapiens; other sequences	TSV	FALSE	FALSE	FALSE
GSE110513	Homo sapiens	CSV	FALSE	FALSE	FALSE
GSE108849	Homo sapiens	TXT	FALSE	FALSE	FALSE
GSE104858	Homo sapiens	TXT	FALSE	FALSE	FALSE
GSE108275	Homo sapiens	TXT	FALSE	FALSE	FALSE
GSE96986	Mus musculus; other sequences; Homo sapiens	CEL	FALSE	FALSE	FALSE
GSE96982	Homo sapiens; Mus musculus; other sequences	TXT	FALSE	FALSE	FALSE
GSE111901	Homo sapiens	TXT	FALSE	FALSE	FALSE
GSE90553	Homo sapiens	BED, MTX, TSV, TXT	FALSE	FALSE	FALSE
GSE111727	Homo sapiens	TXT	FALSE	FALSE	FALSE
GSE110626	Homo sapiens	TXT	FALSE	FALSE	FALSE
GSE83443	Homo sapiens	TXT	FALSE	FALSE	FALSE
GSE107552	Homo sapiens	CSV	FALSE	FALSE	FALSE
GSE104490	Homo sapiens	TXT	FALSE	FALSE	FALSE
GSE99795	Homo sapiens	TXT	FALSE	FALSE	FALSE
GSE111108	Homo sapiens	CSV	FALSE	FALSE	FALSE
GSE110501	Mus musculus; Homo sapiens	GTF, TXT	FALSE	FALSE	FALSE
GSE103919	Homo sapiens	TXT	FALSE	FALSE	FALSE
GSE103918	Homo sapiens	MTX, TSV	FALSE	FALSE	FALSE
GSE98556	Homo sapiens	TXT	FALSE	FALSE	FALSE
GSE110496	Homo sapiens	TSV	FALSE	FALSE	FALSE
GSE110823	Homo sapiens; Mus musculus	MAT	FALSE	FALSE	FALSE
GSE100694	Homo sapiens	CSV	FALSE	FALSE	FALSE
GSE101341	Homo sapiens	TXT	FALSE	FALSE	FALSE
GSE109979	Homo sapiens	TXT	FALSE	FALSE	FALSE
GSE109658	Homo sapiens	TXT	FALSE	FALSE	FALSE
GSE80797	Homo sapiens; Mus musculus	TXT	FALSE	FALSE	FALSE
GSE108097	Homo sapiens; Mus musculus	TAR, TXT	FALSE	FALSE	FALSE
GSE102596	Homo sapiens	TSV	FALSE	FALSE	FALSE
GSE99305	Homo sapiens	TXT	FALSE	FALSE	FALSE
GSE109822	Homo sapiens	CSV	FALSE	FALSE	FALSE
GSE104276	Homo sapiens	TXT, XLS, XLSX	FALSE	FALSE	FALSE
GSE95021	Homo sapiens	TXT	FALSE	FALSE	FALSE
GSE95020	Homo sapiens	TXT	FALSE	FALSE	FALSE
GSE94980	Homo sapiens	TXT	FALSE	FALSE	FALSE
GSE94979	Homo sapiens	TXT	FALSE	FALSE	FALSE
GSE106543	Homo sapiens	TXT	FALSE	FALSE	FALSE
GSE77882	Homo sapiens	TXT	FALSE	FALSE	FALSE
GSE109542	Mus musculus; Homo sapiens	CSV, MTX, TSV	FALSE	FALSE	FALSE
GSE108699	Homo sapiens	MTX, RDS, TSV	TRUE	TRUE	TRUE
GSE100033	Homo sapiens; Mus musculus	BW, MAT, TXT	FALSE	FALSE	FALSE
GSE106542	Homo sapiens	TXT	FALSE	FALSE	FALSE
GSE106541	Homo sapiens	TXT	FALSE	FALSE	FALSE
GSE106540	Homo sapiens	TXT	FALSE	FALSE	FALSE
GSE103461	Homo sapiens	TXT	FALSE	FALSE	FALSE
GSE109449	Homo sapiens	TSV	TRUE	FALSE	TRUE
GSE100384	Mus musculus; Homo sapiens	TXT	FALSE	FALSE	FALSE
GSE95542	Homo sapiens	TXT	FALSE	FALSE	FALSE
GSE103350	Homo sapiens	XLS	FALSE	FALSE	FALSE
GSE108291	Homo sapiens; Mus musculus	CSV, MTX, TSV	FALSE	FALSE	FALSE
GSE108313	Homo sapiens	CSV, TXT	FALSE	FALSE	FALSE
GSE108571	Homo sapiens	H5	FALSE	FALSE	FALSE
GSE108444	Homo sapiens	CSV	FALSE	FALSE	FALSE
GSE108443	Homo sapiens	CSV	FALSE	FALSE	FALSE
GSE80212	Homo sapiens	CSV	FALSE	FALSE	FALSE
GSE81233	Homo sapiens; Mus musculus	BED, FPKM_TRACKING, TXT	FALSE	FALSE	FALSE
GSE108041	Influenza A virus (A/WSN/1933(H1N1)); Homo sapiens	FASTA, GTF, H5, TXT	FALSE	FALSE	FALSE
GSE97942	Homo sapiens	TAR	FALSE	FALSE	FALSE
GSE97930	Homo sapiens	TXT	FALSE	FALSE	FALSE
GSE101601	Homo sapiens; Mus musculus	XLSX	FALSE	FALSE	FALSE
GSE98852	Homo sapiens	TXT	FALSE	FALSE	FALSE
GSE103322	Homo sapiens	TXT	FALSE	FALSE	FALSE
GSE104600	Homo sapiens	MTX, TSV	FALSE	FALSE	FALSE
GSE102698	Homo sapiens; Mus musculus	CSV	FALSE	FALSE	FALSE
GSE93722	Homo sapiens	TXT	FALSE	FALSE	FALSE
GSE101519	Homo sapiens	TXT	FALSE	FALSE	FALSE
GSE101518	Homo sapiens	CSV	FALSE	FALSE	FALSE
GSE100618	Homo sapiens	TXT	FALSE	FALSE	FALSE
GSE106391	Homo sapiens	TXT	FALSE	FALSE	FALSE
GSE98644	Homo sapiens	TXT	FALSE	FALSE	FALSE
GSE84465	Homo sapiens	CSV	FALSE	FALSE	FALSE
GSE105064	Homo sapiens	TXT	FALSE	FALSE	FALSE
GSE99095	Homo sapiens	CSV, GTF	FALSE	FALSE	FALSE
GSE99909	Homo sapiens	CSV	FALSE	FALSE	FALSE
GSE90813	Homo sapiens	TXT	FALSE	FALSE	FALSE
GSE81547	Homo sapiens	CSV	FALSE	FALSE	FALSE
GSE84054	Homo sapiens	TXT	FALSE	FALSE	FALSE
GSE100118	Homo sapiens	CSV	FALSE	FALSE	FALSE
GSE103544	Homo sapiens	CSV	FALSE	FALSE	FALSE
GSE100501	Homo sapiens	TXT	FALSE	FALSE	FALSE
GSE102066	Homo sapiens	TXT	FALSE	FALSE	FALSE
GSE97904	Homo sapiens	TSV	FALSE	FALSE	FALSE
GSE98561	Caenorhabditis elegans; Homo sapiens; Mus musculus	CSV, RDATA, TXT	FALSE	TRUE	TRUE
GSE97080	Homo sapiens	BW, TXT	FALSE	FALSE	FALSE
GSE97655	Homo sapiens	TXT	FALSE	FALSE	FALSE
GSE84686	Homo sapiens	TXT	FALSE	FALSE	FALSE
GSE100866	Homo sapiens	CSV	FALSE	FALSE	FALSE
GSE99951	Homo sapiens	CSV	FALSE	FALSE	FALSE
GSE98201	Homo sapiens	MTX, TSV, TXT	FALSE	FALSE	FALSE
GSE97881	Homo sapiens	XLSX	FALSE	FALSE	FALSE
GSE96993	Homo sapiens; Mus musculus	XLSX	FALSE	FALSE	FALSE
GSE99778	Homo sapiens	XLSX	FALSE	FALSE	FALSE
GSE85908	Homo sapiens	BED, CSV, WIG	TRUE	FALSE	TRUE
GSE84323	Homo sapiens	TXT	FALSE	FALSE	FALSE
GSE79306	Mus musculus; Homo sapiens	TXT	FALSE	FALSE	FALSE
GSE90683	Homo sapiens	BED, BW, NARROWPEAK, TXT	FALSE	FALSE	FALSE
GSE100669	Homo sapiens	TXT, XLS	FALSE	FALSE	FALSE
GSE100337	Homo sapiens	TXT	FALSE	FALSE	FALSE
GSE96981	Mus musculus; Homo sapiens	CSV	FALSE	FALSE	FALSE
GSE96583	Homo sapiens	MAT, MTX, TSV, TXT	FALSE	FALSE	FALSE
GSE96568	Homo sapiens	TXT	FALSE	FALSE	FALSE
GSE96564	Homo sapiens	TXT	FALSE	FALSE	FALSE
GSE96563	Homo sapiens	TXT	FALSE	FALSE	FALSE
GSE96562	Homo sapiens	TXT	FALSE	FALSE	FALSE
GSE95736	Macaca mulatta; Homo sapiens	TXT	FALSE	FALSE	FALSE
GSE81812	Homo sapiens	TXT	FALSE	FALSE	FALSE
GSE99330	Homo sapiens	TXT	FALSE	FALSE	FALSE
GSE91395	synthetic construct; unidentified; Homo sapiens	XLSX	FALSE	FALSE	FALSE
GSE98638	Homo sapiens	TAB, TXT	FALSE	FALSE	FALSE
GSE85112	Homo sapiens	TXT	FALSE	FALSE	FALSE
GSE85111	Homo sapiens	TXT	FALSE	FALSE	FALSE
GSE76312	Homo sapiens	RDATA, TXT	FALSE	TRUE	TRUE
GSE98734	Homo sapiens	TXT, XLSX	TRUE	FALSE	TRUE
GSE96677	Mus musculus; Homo sapiens	TXT	FALSE	FALSE	FALSE
GSE97168	Homo sapiens	TXT	TRUE	FALSE	TRUE
GSE89164	Homo sapiens; Mus musculus; Drosophila melanogaster	TXT	FALSE	FALSE	FALSE
GSE96106	Homo sapiens	TXT	FALSE	FALSE	FALSE
GSE98052	Homo sapiens	TXT	FALSE	FALSE	FALSE
GSE98011	Homo sapiens	TXT	FALSE	FALSE	FALSE
GSE86153	Homo sapiens	CSV, TXT	FALSE	FALSE	FALSE
GSE95837	Homo sapiens	TXT	FALSE	FALSE	FALSE
